feature,target
1.0,3.139
2.0,4.525
3.0,6.775
4.0,8.723
5.0,11.236
6.0,13.177
7.0,15.392
8.0,16.587
9.0,18.922
10.0,20.530
11.0,22.719
12.0,25.005
13.0,26.527
14.0,28.699
15.0,31.150
16.0,33.045
17.0,34.720
18.0,37.089
19.0,39.309
20.0,40.506
21.0,43.306
22.0,45.198
23.0,46.840
24.0,48.655
25.0,51.457
26.0,52.837
27.0,54.593
28.0,56.597
29.0,59.347
30.0,61.104
31.0,63.307
32.0,65.230
33.0,67.036
34.0,69.473
35.0,70.879
36.0,73.052
37.0,75.329
38.0,77.119
39.0,79.362
40.0,81.077
41.0,83.205
42.0,84.546
43.0,86.728
44.0,88.789
45.0,90.580
46.0,92.733
47.0,94.601
48.0,96.778
49.0,99.136
50.0,100.865
51.0,102.870
52.0,104.710
53.0,106.767
54.0,109.437
55.0,111.148
56.0,113.109
57.0,114.671
58.0,117.229
59.0,118.663
60.0,120.879
61.0,123.490
62.0,125.140
63.0,127.057
64.0,129.185
65.0,131.343
66.0,133.276
67.0,134.729
68.0,136.532
69.0,138.815
70.0,140.768
71.0,142.711
72.0,145.443
73.0,147.376
74.0,148.815
75.0,151.155
76.0,152.896
77.0,155.415
78.0,156.959
79.0,158.765
80.0,160.747
81.0,163.061
82.0,164.763
83.0,167.085
84.0,169.398
85.0,170.899
86.0,172.719
87.0,175.498
88.0,177.010
89.0,178.591
90.0,180.547
91.0,182.610
92.0,185.127
93.0,187.292
94.0,188.922
95.0,190.564
96.0,192.882
97.0,195.496
98.0,197.029
99.0,199.471
100.0,201.361
101.0,202.511
102.0,205.221
103.0,207.182
104.0,209.037
105.0,210.767
106.0,213.141
107.0,214.612
108.0,216.935
109.0,218.954
110.0,221.454
111.0,223.376
112.0,224.763
113.0,227.001
114.0,228.679
115.0,231.413
116.0,233.371
117.0,234.798
118.0,237.139
119.0,239.109
120.0,240.653
121.0,243.263
122.0,245.039
123.0,247.279
124.0,249.030
125.0,250.501
126.0,252.824
127.0,254.519
128.0,257.429
129.0,259.379
130.0,261.332
131.0,262.808
132.0,264.558
133.0,267.378
134.0,269.447
135.0,270.586
136.0,272.986
137.0,274.569
138.0,277.261
139.0,279.266
140.0,280.628
141.0,282.975
142.0,285.050
143.0,286.765
144.0,289.372
145.0,290.923
146.0,292.712
147.0,295.039
148.0,297.230
149.0,298.701
150.0,300.812
151.0,303.495
152.0,305.150
153.0,306.938
154.0,309.018
155.0,310.621
156.0,312.725
157.0,314.838
158.0,317.088
159.0,318.730
160.0,320.720
161.0,322.571
162.0,325.131
163.0,326.729
164.0,329.405
165.0,331.360
166.0,332.571
167.0,334.738
168.0,337.169
169.0,338.714
170.0,340.632
171.0,343.436
172.0,345.071
173.0,346.973
174.0,349.285
175.0,351.307
176.0,352.690
177.0,354.597
178.0,356.931
179.0,358.924
180.0,360.967
181.0,363.229
182.0,365.173
183.0,367.484
184.0,368.598
185.0,370.903
186.0,372.839
187.0,375.362
188.0,376.749
189.0,378.690
190.0,380.949
191.0,382.922
192.0,384.779
193.0,386.750
194.0,389.423
195.0,390.943
196.0,393.361
197.0,395.050
198.0,396.551
199.0,399.499
200.0,401.336
201.0,403.469
202.0,405.426
203.0,407.349
204.0,408.666
205.0,410.986
206.0,412.714
207.0,414.901
208.0,416.559
209.0,418.879
210.0,421.485
211.0,422.765
212.0,425.284
213.0,426.955
214.0,428.923
215.0,431.457
216.0,433.495
217.0,435.056
218.0,437.218
219.0,438.655
220.0,440.797
221.0,443.469
222.0,445.079
223.0,447.042
224.0,449.248
225.0,450.557
226.0,453.084
227.0,455.003
228.0,457.353
229.0,458.657
230.0,461.461
231.0,462.580
232.0,464.686
233.0,467.095
234.0,469.175
235.0,470.735
236.0,472.620
237.0,475.390
238.0,476.746
239.0,479.095
240.0,481.119
241.0,482.919
242.0,485.084
243.0,487.023
244.0,489.435
245.0,490.704
246.0,493.216
247.0,494.739
248.0,496.896
249.0,499.172
250.0,500.800
251.0,502.816
252.0,505.252
253.0,506.573
254.0,508.958
255.0,511.498
256.0,513.496
257.0,514.573
258.0,516.713
259.0,518.765
260.0,521.433
261.0,523.381
262.0,525.379
263.0,526.870
264.0,528.658
265.0,531.334
266.0,533.204
267.0,535.112
268.0,537.487
269.0,539.154
270.0,540.508
271.0,543.317
272.0,544.799
273.0,547.163
274.0,549.439
275.0,550.634
276.0,552.615
277.0,554.607
278.0,557.053
279.0,558.772
280.0,561.105
281.0,563.218
282.0,564.704
283.0,567.134
284.0,568.764
285.0,570.989
286.0,573.405
287.0,575.346
288.0,576.592
289.0,578.924
290.0,580.777
291.0,582.504
292.0,585.271
293.0,587.137
294.0,588.762
295.0,591.241
296.0,593.052
297.0,594.928
298.0,596.510
299.0,598.575
300.0,601.383
301.0,603.404
302.0,605.046
303.0,607.335
304.0,609.083
305.0,610.648
306.0,612.627
307.0,614.808
308.0,617.399
309.0,619.296
310.0,621.361
311.0,623.399
312.0,624.710
313.0,626.750
314.0,628.603
315.0,631.280
316.0,633.384
317.0,634.906
318.0,637.121
319.0,638.655
320.0,641.430
321.0,643.365
322.0,645.476
323.0,647.311
324.0,649.381
325.0,650.525
326.0,653.237
327.0,654.832
328.0,657.431
329.0,659.302
330.0,661.364
331.0,663.311
332.0,664.767
333.0,667.287
334.0,668.608
335.0,671.372
336.0,673.359
337.0,674.722
338.0,677.317
339.0,678.960
340.0,680.805
341.0,683.295
342.0,684.728
343.0,686.524
344.0,688.693
345.0,690.828
346.0,693.364
347.0,695.467
348.0,696.779
349.0,699.141
350.0,700.900
351.0,703.481
352.0,705.036
353.0,707.439
354.0,708.615
355.0,711.470
356.0,712.679
357.0,715.463
358.0,716.765
359.0,718.608
360.0,720.935
361.0,723.229
362.0,724.814
363.0,727.106
364.0,729.011
365.0,730.885
366.0,733.077
367.0,734.755
368.0,737.209
369.0,738.502
370.0,741.426
371.0,743.038
372.0,745.219
373.0,747.242
374.0,749.171
375.0,750.864
376.0,752.570
377.0,755.164
378.0,756.830
379.0,758.814
380.0,761.348
381.0,763.220
382.0,764.800
383.0,766.809
384.0,768.908
385.0,770.902
386.0,772.796
387.0,774.627
388.0,776.920
389.0,779.440
390.0,781.177
391.0,783.403
392.0,785.116
393.0,786.801
394.0,789.048
395.0,790.500
396.0,792.787
397.0,794.930
398.0,797.080
399.0,799.155
400.0,800.965
401.0,802.942
402.0,804.714
403.0,806.973
404.0,809.401
405.0,811.296
406.0,812.670
407.0,814.585
408.0,817.015
409.0,819.133
410.0,820.835
411.0,823.318
412.0,825.251
413.0,827.173
414.0,828.725
415.0,830.699
416.0,832.524
417.0,834.745
418.0,836.975
419.0,839.350
420.0,840.573
421.0,842.914
422.0,845.130
423.0,846.694
424.0,849.196
425.0,850.994
426.0,852.744
427.0,855.156
428.0,856.506
429.0,859.251
430.0,861.270
431.0,862.607
432.0,864.925
433.0,866.676
434.0,869.458
435.0,871.018
436.0,872.550
437.0,874.749
438.0,877.348
439.0,878.956
440.0,881.301
441.0,883.168
442.0,885.488
443.0,887.095
444.0,889.450
445.0,891.391
446.0,893.113
447.0,895.219
448.0,897.005
449.0,899.331
450.0,901.048
451.0,903.397
452.0,905.244
453.0,906.975
454.0,908.759
455.0,910.747
456.0,913.138
457.0,915.266
458.0,917.021
459.0,919.127
460.0,920.775
461.0,922.577
462.0,924.786
463.0,926.772
464.0,928.820
465.0,931.040
466.0,932.638
467.0,934.731
468.0,937.194
469.0,939.206
470.0,940.564
471.0,942.908
472.0,945.043
473.0,946.916
474.0,948.707
475.0,950.920
476.0,953.405
477.0,955.084
478.0,957.196
479.0,959.357
480.0,961.266
481.0,962.880
482.0,964.506
483.0,966.852
484.0,969.253
485.0,971.353
486.0,973.453
487.0,974.919
488.0,977.248
489.0,979.046
490.0,981.103
491.0,982.721
492.0,984.719
493.0,986.936
494.0,988.529
495.0,990.836
496.0,993.179
497.0,994.904
498.0,996.665
499.0,998.967
500.0,1000.628
501.0,1003.122
502.0,1004.527
503.0,1006.894
504.0,1009.064
505.0,1010.527
506.0,1013.143
507.0,1014.636
508.0,1016.962
509.0,1018.550
510.0,1020.879
511.0,1022.712
512.0,1024.827
513.0,1027.261
514.0,1028.879
515.0,1031.252
516.0,1033.332
517.0,1034.752
518.0,1036.582
519.0,1038.519
520.0,1041.039
521.0,1043.500
522.0,1044.850
523.0,1047.150
524.0,1049.281
525.0,1051.152
526.0,1053.254
527.0,1055.450
528.0,1056.699
529.0,1058.520
530.0,1060.652
531.0,1062.626
532.0,1065.169
533.0,1067.064
534.0,1068.718
535.0,1071.199
536.0,1073.267
537.0,1074.668
538.0,1077.107
539.0,1079.248
540.0,1080.615
541.0,1083.319
542.0,1085.465
543.0,1086.608
544.0,1088.526
545.0,1090.812
546.0,1093.177
547.0,1095.458
548.0,1096.897
549.0,1099.215
550.0,1100.576
551.0,1103.191
552.0,1105.127
553.0,1106.602
554.0,1109.272
555.0,1111.350
556.0,1113.100
557.0,1114.621
558.0,1117.484
559.0,1119.283
560.0,1120.847
561.0,1122.928
562.0,1124.871
563.0,1127.006
564.0,1128.841
565.0,1131.350
566.0,1133.322
567.0,1134.606
568.0,1137.461
569.0,1139.136
570.0,1141.329
571.0,1143.207
572.0,1144.935
573.0,1147.234
574.0,1149.465
575.0,1150.770
576.0,1153.308
577.0,1155.038
578.0,1156.983
579.0,1158.936
580.0,1161.231
581.0,1162.768
582.0,1165.352
583.0,1167.331
584.0,1168.587
585.0,1171.382
586.0,1172.744
587.0,1174.965
588.0,1177.110
589.0,1178.879
590.0,1180.529
591.0,1183.351
592.0,1184.682
593.0,1186.712
594.0,1189.298
595.0,1190.840
596.0,1193.380
597.0,1195.201
598.0,1196.776
599.0,1198.510
600.0,1201.448
601.0,1202.586
602.0,1205.220
603.0,1206.989
604.0,1209.258
605.0,1211.191
606.0,1213.146
607.0,1214.991
608.0,1217.293
609.0,1218.593
610.0,1220.722
611.0,1223.192
612.0,1224.806
613.0,1227.082
614.0,1228.973
615.0,1231.031
616.0,1232.926
617.0,1235.246
618.0,1236.831
619.0,1239.203
620.0,1240.771
621.0,1242.751
622.0,1244.621
623.0,1246.693
624.0,1248.620
625.0,1251.036
626.0,1253.262
627.0,1254.685
628.0,1256.716
629.0,1258.984
630.0,1261.225
631.0,1263.477
632.0,1265.025
633.0,1266.783
634.0,1268.601
635.0,1270.694
636.0,1272.727
637.0,1274.679
638.0,1276.514
639.0,1279.034
640.0,1280.774
641.0,1283.474
642.0,1285.053
643.0,1287.197
644.0,1288.626
645.0,1291.368
646.0,1292.991
647.0,1295.373
648.0,1297.074
649.0,1298.969
650.0,1300.940
651.0,1302.684
652.0,1304.551
653.0,1307.441
654.0,1308.978
655.0,1311.322
656.0,1312.901
657.0,1314.574
658.0,1317.129
659.0,1318.554
660.0,1320.649
661.0,1323.063
662.0,1324.804
663.0,1327.494
664.0,1328.618
665.0,1331.264
666.0,1333.106
667.0,1335.291
668.0,1336.726
669.0,1339.023
670.0,1340.951
671.0,1342.943
672.0,1345.360
673.0,1347.490
674.0,1348.805
675.0,1351.121
676.0,1353.110
677.0,1355.240
678.0,1357.448
679.0,1358.708
680.0,1360.711
681.0,1363.160
682.0,1364.657
683.0,1366.674
684.0,1368.575
685.0,1370.503
686.0,1372.951
687.0,1375.094
688.0,1376.791
689.0,1378.731
690.0,1381.207
691.0,1383.203
692.0,1384.954
693.0,1387.187
694.0,1389.424
695.0,1391.288
696.0,1393.125
697.0,1395.161
698.0,1397.434
699.0,1398.925
700.0,1401.045
701.0,1403.148
702.0,1405.408
703.0,1407.327
704.0,1408.571
705.0,1410.666
706.0,1412.808
707.0,1415.249
708.0,1417.069
709.0,1418.789
710.0,1420.624
711.0,1423.189
712.0,1425.200
713.0,1427.443
714.0,1429.000
715.0,1430.994
716.0,1432.580
717.0,1434.540
718.0,1436.932
719.0,1438.822
720.0,1440.750
721.0,1442.591
722.0,1445.462
723.0,1447.336
724.0,1449.075
725.0,1451.451
726.0,1453.500
727.0,1455.172
728.0,1456.770
729.0,1458.540
730.0,1461.256
731.0,1462.971
732.0,1465.152
733.0,1467.416
734.0,1468.681
735.0,1471.085
736.0,1473.135
737.0,1474.992
738.0,1476.591
739.0,1478.848
740.0,1480.833
741.0,1483.170
742.0,1485.358
743.0,1486.830
744.0,1489.194
745.0,1490.788
746.0,1493.445
747.0,1495.314
748.0,1497.050
749.0,1498.955
750.0,1500.815
751.0,1502.823
752.0,1505.470
753.0,1506.904
754.0,1509.015
755.0,1511.488
756.0,1513.158
757.0,1515.043
758.0,1516.913
759.0,1518.688
760.0,1520.862
761.0,1523.256
762.0,1525.125
763.0,1527.260
764.0,1528.704
765.0,1531.049
766.0,1533.428
767.0,1534.938
768.0,1537.198
769.0,1538.621
770.0,1541.473
771.0,1543.109
772.0,1544.739
773.0,1546.658
774.0,1549.051
775.0,1551.052
776.0,1552.593
777.0,1555.492
778.0,1557.413
779.0,1558.961
780.0,1560.617
781.0,1563.332
782.0,1564.998
783.0,1567.217
784.0,1569.009
785.0,1570.773
786.0,1573.335
787.0,1575.480
788.0,1576.744
789.0,1579.051
790.0,1580.884
791.0,1583.422
792.0,1585.008
793.0,1587.379
794.0,1589.364
795.0,1590.776
796.0,1593.290
797.0,1594.915
798.0,1597.434
799.0,1599.008
800.0,1601.321
801.0,1602.783
802.0,1604.799
803.0,1607.087
804.0,1609.499
805.0,1610.990
806.0,1612.649
807.0,1615.039
808.0,1616.845
809.0,1619.052
810.0,1621.043
811.0,1622.955
812.0,1624.822
813.0,1626.689
814.0,1629.197
815.0,1631.072
816.0,1632.734
817.0,1635.276
818.0,1636.544
819.0,1639.245
820.0,1641.205
821.0,1643.311
822.0,1644.886
823.0,1647.164
824.0,1649.321
825.0,1651.481
826.0,1652.995
827.0,1654.537
828.0,1657.002
829.0,1659.090
830.0,1661.370
831.0,1663.374
832.0,1664.940
833.0,1667.026
834.0,1668.957
835.0,1671.222
836.0,1672.910
837.0,1675.155
838.0,1676.654
839.0,1678.969
840.0,1681.469
841.0,1682.839
842.0,1685.193
843.0,1687.150
844.0,1689.352
845.0,1691.352
846.0,1693.359
847.0,1694.880
848.0,1696.817
849.0,1699.219
850.0,1701.259
851.0,1703.372
852.0,1704.536
853.0,1706.568
854.0,1709.131
855.0,1711.421
856.0,1713.497
857.0,1715.247
858.0,1716.934
859.0,1718.598
860.0,1721.134
861.0,1723.373
862.0,1724.944
863.0,1727.194
864.0,1729.403
865.0,1730.546
866.0,1733.296
867.0,1734.793
868.0,1736.875
869.0,1738.646
870.0,1741.031
871.0,1743.066
872.0,1745.293
873.0,1746.670
874.0,1748.579
875.0,1751.371
876.0,1753.120
877.0,1754.741
878.0,1757.413
879.0,1758.643
880.0,1760.961
881.0,1762.754
882.0,1764.755
883.0,1766.509
884.0,1769.305
885.0,1771.401
886.0,1773.178
887.0,1774.658
888.0,1776.942
889.0,1778.846
890.0,1781.088
891.0,1783.139
892.0,1784.924
893.0,1786.750
894.0,1789.345
895.0,1790.699
896.0,1792.885
897.0,1794.983
898.0,1796.737
899.0,1799.072
900.0,1801.075
901.0,1803.493
902.0,1804.795
903.0,1807.478
904.0,1809.158
905.0,1810.774
906.0,1813.066
907.0,1815.186
908.0,1817.245
909.0,1818.549
910.0,1821.106
911.0,1822.997
912.0,1825.404
913.0,1826.786
914.0,1829.299
915.0,1831.107
916.0,1832.852
917.0,1835.137
918.0,1837.121
919.0,1839.178
920.0,1841.221
921.0,1843.159
922.0,1845.338
923.0,1847.128
924.0,1849.403
925.0,1851.146
926.0,1852.809
927.0,1854.941
928.0,1857.080
929.0,1859.232
930.0,1860.590
931.0,1862.795
932.0,1865.247
933.0,1866.676
934.0,1868.632
935.0,1871.039
936.0,1873.471
937.0,1875.031
938.0,1877.413
939.0,1879.330
940.0,1880.757
941.0,1883.325
942.0,1884.982
943.0,1887.306
944.0,1889.247
945.0,1890.839
946.0,1892.615
947.0,1895.463
948.0,1896.641
949.0,1899.467
950.0,1901.360
951.0,1903.224
952.0,1905.480
953.0,1907.467
954.0,1909.305
955.0,1910.866
956.0,1913.291
957.0,1914.514
958.0,1917.037
959.0,1918.955
960.0,1921.173
961.0,1923.172
962.0,1925.085
963.0,1927.322
964.0,1929.440
965.0,1930.608
966.0,1932.734
967.0,1934.525
968.0,1937.384
969.0,1939.061
970.0,1941.415
971.0,1942.721
972.0,1944.563
973.0,1947.324
974.0,1949.409
975.0,1950.802
976.0,1952.908
977.0,1954.640
978.0,1957.446
979.0,1958.804
980.0,1960.993
981.0,1962.597
982.0,1965.387
983.0,1966.636
984.0,1968.954
985.0,1971.170
986.0,1973.243
987.0,1975.446
988.0,1976.919
989.0,1979.242
990.0,1980.655
991.0,1982.915
992.0,1984.599
993.0,1986.989
994.0,1988.908
995.0,1991.452
996.0,1992.533
997.0,1994.871
998.0,1996.943
999.0,1999.451
1000.0,2001.355
1001.0,2002.599
1002.0,2005.186
1003.0,2007.044
1004.0,2009.478
1005.0,2010.859
1006.0,2012.898
1007.0,2014.690
1008.0,2016.622
1009.0,2019.348
1010.0,2020.955
1011.0,2023.163
1012.0,2025.142
1013.0,2027.097
1014.0,2028.521
1015.0,2031.287
1016.0,2032.744
1017.0,2034.626
1018.0,2037.065
1019.0,2038.569
1020.0,2041.265
1021.0,2042.707
1022.0,2044.716
1023.0,2047.370
1024.0,2048.829
1025.0,2050.648
1026.0,2053.401
1027.0,2054.503
1028.0,2057.358
1029.0,2058.645
1030.0,2060.630
1031.0,2062.751
1032.0,2064.674
1033.0,2067.161
1034.0,2068.526
1035.0,2070.515
1036.0,2073.290
1037.0,2074.738
1038.0,2076.824
1039.0,2078.674
1040.0,2080.552
1041.0,2083.242
1042.0,2085.026
1043.0,2087.246
1044.0,2088.976
1045.0,2091.278
1046.0,2093.013
1047.0,2094.609
1048.0,2097.004
1049.0,2099.445
1050.0,2100.543
1051.0,2103.283
1052.0,2105.367
1053.0,2107.021
1054.0,2108.958
1055.0,2111.464
1056.0,2112.561
1057.0,2114.979
1058.0,2116.902
1059.0,2119.186
1060.0,2120.990
1061.0,2123.410
1062.0,2124.573
1063.0,2126.581
1064.0,2129.108
1065.0,2130.566
1066.0,2132.775
1067.0,2135.133
1068.0,2137.048
1069.0,2138.825
1070.0,2141.495
1071.0,2143.031
1072.0,2144.954
1073.0,2147.105
1074.0,2148.599
1075.0,2151.202
1076.0,2153.353
1077.0,2155.151
1078.0,2157.269
1079.0,2159.221
1080.0,2160.715
1081.0,2162.952
1082.0,2164.728
1083.0,2166.839
1084.0,2168.953
1085.0,2170.916
1086.0,2172.595
1087.0,2174.927
1088.0,2177.165
1089.0,2178.874
1090.0,2180.653
1091.0,2183.423
1092.0,2184.567
1093.0,2187.332
1094.0,2188.593
1095.0,2190.597
1096.0,2193.239
1097.0,2195.312
1098.0,2197.056
1099.0,2199.086
1100.0,2201.062
1101.0,2202.830
1102.0,2204.622
1103.0,2206.854
1104.0,2209.165
1105.0,2211.250
1106.0,2213.368
1107.0,2215.221
1108.0,2217.468
1109.0,2219.100
1110.0,2220.852
1111.0,2223.078
1112.0,2224.713
1113.0,2227.157
1114.0,2228.724
1115.0,2230.608
1116.0,2233.345
1117.0,2234.868
1118.0,2237.263
1119.0,2239.074
1120.0,2241.307
1121.0,2243.345
1122.0,2245.475
1123.0,2247.318
1124.0,2249.114
1125.0,2251.143
1126.0,2252.526
1127.0,2255.429
1128.0,2257.329
1129.0,2258.767
1130.0,2260.680
1131.0,2263.203
1132.0,2264.809
1133.0,2266.840
1134.0,2268.506
1135.0,2271.370
1136.0,2273.066
1137.0,2274.901
1138.0,2276.642
1139.0,2279.133
1140.0,2280.531
1141.0,2283.246
1142.0,2284.715
1143.0,2286.920
1144.0,2288.841
1145.0,2290.870
1146.0,2293.222
1147.0,2295.277
1148.0,2297.068
1149.0,2298.585
1150.0,2300.553
1151.0,2302.657
1152.0,2305.118
1153.0,2307.174
1154.0,2308.772
1155.0,2311.162
1156.0,2312.986
1157.0,2314.942
1158.0,2316.773
1159.0,2319.255
1160.0,2320.614
1161.0,2322.930
1162.0,2324.783
1163.0,2327.178
1164.0,2328.987
1165.0,2331.167
1166.0,2332.545
1167.0,2334.895
1168.0,2337.099
1169.0,2338.508
1170.0,2340.801
1171.0,2342.711
1172.0,2344.637
1173.0,2346.756
1174.0,2348.828
1175.0,2350.508
1176.0,2353.247
1177.0,2354.676
1178.0,2356.880
1179.0,2359.204
1180.0,2361.000
1181.0,2363.333
1182.0,2365.306
1183.0,2366.572
1184.0,2369.362
1185.0,2370.542
1186.0,2372.519
1187.0,2375.421
1188.0,2377.362
1189.0,2379.076
1190.0,2381.073
1191.0,2383.209
1192.0,2384.918
1193.0,2386.615
1194.0,2388.521
1195.0,2390.825
1196.0,2393.301
1197.0,2395.118
1198.0,2397.332
1199.0,2399.420
1200.0,2400.588
